Country,Question,Answer
Bahrain,Do I need a visa for Bahrain?,"Many travelers can apply for an eVisa or Visa on Arrival, allowing 14 to 30 days of stay."
Bahrain,What is a letter of invitation for a visa?,A document from a host (business or individual) in Bahrain confirming the purpose of your visit. It may be required for certain visa types.
Bahrain,Do I need a transit visa for a layover?,"If staying less than 24 hours and not leaving the airport, you do not need a transit visa."
Bahrain,How do I apply for a Bahraini visa?,"Apply for an eVisa online, get a Visa on Arrival, or apply at a Bahraini embassy."
Bahrain,What documents are required?,"A passport valid for 6 months, visa form, passport-sized photo, return flight, and proof of funds."
Bahrain,How long does visa processing take?,"E-Visa: 3-5 days, Visa on Arrival: Immediate, Embassy visa: 7-10 days."
Bahrain,How much does a Bahraini visa cost?,"eVisa: $77 USD, Visa on Arrival: $30-$50 USD."
Bahrain,Which nationalities can enter Bahrain visa-free?,"Visa-free for GCC nationals (Saudi Arabia, UAE, Kuwait, Oman, Qatar). Other travelers require an eVisa or Visa on Arrival."
Egypt,Do I need a visa to enter Egypt?,"Most travelers need a visa. Citizens of the US, UK, EU, Australia, and Canada can get a visa on arrival for 30 days or apply for an e-Visa in advance."
Egypt,How much does the Egypt visa cost?,"The visa on arrival costs $25 USD for a single entry. The e-Visa costs $25-$60 USD, depending on the type."
Egypt,Do I need a visa to visit Egypt?,"Most travelers need a visa. US, UK, Canada, Australia, and EU citizens can get a Visa on Arrival ($25 USD for 30 days) or apply for an e-Visa online."
Egypt,Can I extend my Egyptian visa?,"Yes, you can extend your visa at the Mugamma Office in Cairo or local immigration offices."
Egypt,Do I need proof of accommodation?,"Yes, immigration may ask for proof of hotel booking or an invitation letter if staying with friends/family."
Egypt,Are there any entry restrictions?,"Travelers with Israeli stamps in their passport are usually allowed, but may face extra questioning."
Egypt,What is an eVisa?,Egypt offers an eVisa that travelers can apply for online before arrival. It allows a 30-day stay and costs $25 USD.
Egypt,Do I need a transit visa for a layover?,"If staying less than 6 hours, you do not need a transit visa. For layovers between 6-48 hours, you may need one."
Egypt,Can my visa be revoked once it's been issued?,"Yes. If immigration finds incorrect information or if you violate entry conditions, your visa can be revoked."
Egypt,How do I apply for an Egyptian visa?,"You can apply online for an eVisa, get a visa on arrival, or apply at an Egyptian embassy/consulate."
Egypt,What documents are required?,"A valid passport (6 months minimum validity), eVisa form (if applying online), recent passport photo, travel itinerary, proof of accommodation, and visa fee payment."
Egypt,How long does visa processing take?,"E-Visa: 3-7 business days, Embassy visa: 10-15 business days, Visa on arrival: Immediate at the airport."
Egypt,How much does an Egyptian visa cost?,"$25 USD for a single-entry visa, $60 USD for a multiple-entry visa."
Egypt,Which nationalities can enter Egypt visa-free?,"Visa-free for 90 days: GCC countries (UAE, Saudi Arabia, Bahrain, Kuwait, Oman). Visa-free for 3 months: Malaysia, Hong Kong. Visa-free for 14 days: Lebanon, Jordan (under certain conditions)."
Greece,Do I need a visa for Greece?,"Greece follows Schengen Visa rules: Visa-free for up to 90 days for many travelers, visa required for others."
Greece,Do I need a visa for Greece?,"Schengen Visa rules apply. US, UK, Canada, and Australia can enter visa-free for 90 days."
Greece,Can I extend my stay beyond 90 days?,"No, overstaying a Schengen Visa can result in fines or entry bans."
Greece,What is a multiple-entry Schengen visa?,"A visa allowing multiple entries into Schengen countries, valid for different durations (e.g., 6 months, 1 year, 5 years)."
Greece,Can I extend my Schengen visa in Greece?,"Extensions are rare and only granted under exceptional circumstances (e.g., medical emergencies)."
Greece,How do I apply for a Greek visa?,"If required, apply for a Schengen Visa at a Greek consulate or visa center."
Greece,How long does visa processing take?,15-30 days.
Greece,How much does a Schengen visa cost?,€80 EUR ($89 USD).
Greece,Which nationalities can enter Greece visa-free?,"Visa-free for 90 days within 180 days: Same as other Schengen countries (USA, UK, Canada, Australia, etc.)."
Italy,Do I need a visa for Italy?,Same as Spain: Travelers from visa-exempt countries can stay up to 90 days in a 180-day period without a visa. Others need a Schengen Visa.
Italy,What are the Schengen rules for Italy?,Same as Spain: Visa-free for 90 days in a 180-day period for many travelers. Others need a Schengen Visa.
Italy,Are there any COVID-19 requirements?,"No current restrictions, but travel insurance is recommended."
Italy,What is an eVisa?,"Italy does not offer an eVisa. If you need a visa, you must apply through a consulate or embassy."
Italy,My passport is expiring soon. Can I still enter Italy?,Your passport must be valid for at least three months beyond your intended stay in Italy.
Italy,How do I apply for an Italian visa?,Apply for a Schengen Visa through an Italian embassy or visa center (VFS Global).
Italy,How long does visa processing take?,15-30 days.
Italy,How much does a Schengen visa cost?,€80 EUR ($89 USD).
Italy,Which nationalities can enter Italy visa-free?,"Visa-free for 90 days within 180 days: Same as Spain (USA, UK, Canada, Australia, etc.)."
Jordan,Do I need a visa for Jordan?,"Most travelers need a visa. Many nationalities (US, UK, EU) can obtain a Visa on Arrival for 30 days or apply for an e-Visa."
Jordan,What is the Jordan Pass?,"The Jordan Pass includes visa fees and entry to 40+ tourist sites, making it cost-effective for tourists staying at least 3 nights."
Jordan,Do I need a visa for Jordan?,Many nationalities can get a Visa on Arrival for 30 days ($40 USD) or apply for an e-Visa.
Jordan,What is the Jordan Pass and should I get it?,The Jordan Pass covers visa fees and entry to 40+ attractions like Petra and Wadi Rum. It’s cost-effective for stays of at least 3 nights.
Jordan,Are there any travel restrictions?,Israeli passport holders cannot enter Jordan unless part of an official tour.
Jordan,What is the Jordan Pass?,The Jordan Pass covers entry fees to over 40 sites and waives visa fees if you stay at least 3 nights in Jordan.
Jordan,Can children travel visa-free?,"No, children need a visa just like adults, unless they are GCC nationals."
Jordan,How early can I apply for a visa?,"Up to three months before travel. If applying for a Jordan Pass, apply online at least a few days before arrival."
Jordan,How do I apply for a Jordanian visa?,"You can obtain a Visa on Arrival, apply for an eVisa, or get a visa through a Jordanian embassy/consulate."
Jordan,What documents are required?,"A passport valid for at least 6 months, visa application form, passport photos, and proof of accommodation."
Jordan,How long does visa processing take?,"Visa on Arrival: Immediate, E-Visa: 3-10 days, Embassy visa: 10-15 days."
Jordan,How much does a Jordanian visa cost?,"$40 USD for a single-entry visa, but the Jordan Pass waives visa fees for stays of 3+ nights."
Jordan,Which nationalities can enter Jordan visa-free?,"Visa-free for 3 months: Lebanon, Turkey, Egypt, Saudi Arabia, Bahrain, UAE, Oman, Kuwait, Qatar. Visa-free for 1 month: Tunisia, Algeria."
Lebanon,Do I need a visa for Lebanon?,"Many nationalities, including US, UK, and EU citizens, can obtain a Visa on Arrival for 30 days, extendable to 60 days. Others must apply in advance."
Lebanon,Can I enter Lebanon if I have been to Israel?,"No, Lebanon denies entry to anyone with Israeli stamps or visas in their passport."
Lebanon,Do I need a visa for Lebanon?,"Many nationalities can get a Visa on Arrival for 30 days, extendable to 60 days. Others need to apply in advance."
Lebanon,Can I enter Lebanon if I’ve been to Israel?,"No, Lebanon refuses entry to anyone with Israeli stamps, visas, or connections."
Lebanon,Do I need a transit visa?,A transit visa may be required if staying more than 24 hours or changing airports.
Lebanon,Can I extend my tourist visa?,"Yes, visa-on-arrival holders can apply for an extension up to 90 days at the General Security office."
Lebanon,How do I apply for a Lebanese visa?,Eligible travelers get a Visa on Arrival; others apply at a Lebanese embassy.
Lebanon,How long does visa processing take?,"Visa on Arrival: Immediate, Embassy visa: 7-15 days."
Lebanon,How much does a Lebanese visa cost?,$35 USD for a single entry.
Lebanon,Which nationalities can enter Lebanon visa-free?,"Visa-free for 6 months: GCC countries (UAE, Saudi Arabia, Qatar, Oman, Kuwait, Bahrain). Visa-free for 1 month: Turkey, Jordan, Tunisia, Iran, Malaysia."
Morocco,Do I need a visa to visit Morocco?,"Many nationalities, including the US, UK, Canada, Australia, and most EU countries, can enter visa-free for up to 90 days. Others may need a visa, which can be applied for at Moroccan embassies."
Morocco,Can I extend my stay in Morocco?,"Yes, but you must apply for an extension at a local police station before your 90 days expire."
Morocco,Do I need a visa to visit Morocco?,"Travelers from the US, UK, Canada, Australia, EU, and many other countries can enter visa-free for 90 days. Some nationalities must apply for a visa at a Moroccan embassy."
Morocco,Can I extend my stay beyond 90 days?,"Yes, but you must apply for an extension at a local police station before your 90-day limit expires. Extensions are not guaranteed."
Morocco,Do I need proof of funds or return ticket?,"While not always checked, proof of sufficient funds and a return ticket may be requested upon entry."
Morocco,Are vaccinations required to enter Morocco?,"No mandatory vaccinations, but yellow fever is required if coming from an affected country. Hepatitis A, B, and typhoid vaccines are recommended."
Morocco,How long does it take to process a visa?,Tourist visa applications generally take 10-15 working days. Processing time may vary depending on your nationality and the embassy workload.
Morocco,Can I work on a tourist visa?,No. Working on a tourist visa is illegal. You must apply for a work visa or permit.
Morocco,I have a valid visa; am I guaranteed entry?,No. Immigration officers have the final say on entry at the border. You may be denied entry if you fail to meet requirements.
Morocco,How early can I apply for a visa?,You can apply up to three months before travel at a Moroccan embassy or consulate.
Morocco,What happens if my visa application is rejected?,"If rejected, you will be given a reason and may reapply by addressing the issue or providing additional documents."
Morocco,Can I extend my visa while I'm in the country?,"Yes, you must apply for an extension at a local police station before your 90-day stay expires. Approval is not guaranteed."
Morocco,What is a visa on arrival?,Morocco does NOT offer visas on arrival. Eligible travelers must apply in advance.
Morocco,How do I apply for a Moroccan visa?,You must apply at a Moroccan embassy or consulate in your home country. Some nationalities are eligible for visa-free travel.
Morocco,What documents are required?,"A valid passport (6 months validity), completed visa application form, passport-sized photos, proof of accommodation, flight itinerary, proof of funds, and a visa fee."
Morocco,How long does visa processing take?,10-15 business days (longer during peak seasons).
Morocco,How much does a Moroccan visa cost?,Fees range from $30-$50 USD depending on nationality and visa type.
Morocco,Which nationalities can enter Morocco visa-free?,"Visa-free for 90 days: USA, UK, Canada, Australia, EU, Japan, South Korea, UAE, Turkey, Brazil, Argentina, Malaysia, New Zealand, and more."
Qatar,Do I need a visa to visit Qatar?,"Citizens of over 95 countries, including the US, UK, Canada, and most EU nations, can enter visa-free for 30 to 90 days, depending on nationality. Others need a visa in advance."
Qatar,Can I visit Qatar visa-free?,"Yes, 95+ nationalities (including US, UK, EU, Canada, Australia) can enter visa-free for 30 to 90 days, depending on nationality."
Qatar,Do I need a COVID-19 test or vaccination?,"No COVID-19 restrictions currently, but travel insurance is recommended."
Qatar,What is visa-free travel?,"Citizens of over 95 countries can enter Qatar without a visa for 30 to 90 days, depending on nationality."
Qatar,Can I extend my visa in Qatar?,"Yes, some visas (like the 30-day visa-free entry) can be extended for another 30 days online."
Qatar,What happens if my visa application is rejected?,You may need to reapply or provide additional documents. You can also appeal a rejection through the Qatar embassy.
Qatar,How do I apply for a Qatari visa?,Many nationalities get visa-free entry. Others must apply online for an eVisa or through a Qatari embassy.
Qatar,What documents are required?,"A valid passport, return flight ticket, hotel booking, and financial proof."
Qatar,How long does visa processing take?,"Visa-free entry: Immediate, E-Visa: 24-72 hours, Embassy visa: 7-10 days."
Qatar,How much does a Qatari visa cost?,"Visa-free for many, eVisa: $23 USD."
Qatar,Which nationalities can enter Qatar visa-free?,"Visa-free for 90 days: EU, UK, Turkey, Argentina, Brazil, Chile, Ukraine. Visa-free for 30 days: USA, Canada, Australia, New Zealand, India (if holding a Schengen/US/UK visa), Russia, Japan, South Korea, China, Malaysia, Thailand."
Saudi Arabia,Do I need a visa for Saudi Arabia?,"Many nationalities, including the US, UK, and Schengen countries, can apply for a Saudi eVisa, allowing a 90-day stay. Muslim travelers visiting for Umrah can also apply for a visa separately."
Saudi Arabia,Can I get a visa on arrival in Saudi Arabia?,"Some travelers from eligible countries can obtain a Visa on Arrival, but it’s recommended to apply online in advance."
Saudi Arabia,Can I get a tourist visa for Saudi Arabia?,"Yes! Saudi Arabia offers an eVisa for US, UK, EU, and other select nationalities, allowing a stay of up to 90 days per visit."
Saudi Arabia,Is Saudi Arabia safe for solo female travelers?,"Yes, but modest clothing is recommended. Female travelers no longer need a male guardian to enter the country."
Saudi Arabia,Do I need travel insurance for Saudi Arabia?,"Yes, mandatory travel insurance is included in the visa application."
Saudi Arabia,What is a multiple-entry visa?,"The Saudi tourist eVisa is a multiple-entry visa valid for one year, allowing stays of up to 90 days per visit."
Saudi Arabia,My passport is expiring soon. Can I still get a visa?,No. Your passport must be valid for at least six months from your arrival date.
Saudi Arabia,Can I change my visa type while in Saudi Arabia?,"No, you must leave and apply for a new visa if you need a different type of visa (e.g., work or residency visa)."
Saudi Arabia,How do I apply for a Saudi Arabian visa?,"Eligible travelers can apply for a Saudi eVisa online, while others must visit a Saudi embassy/consulate."
Saudi Arabia,What documents are required?,"A valid passport (6 months minimum validity), completed application form, recent passport photo, return flight ticket, proof of accommodation, and travel insurance."
Saudi Arabia,How long does visa processing take?,"E-Visa: 5-15 minutes, Embassy visa: 5-10 business days."
Saudi Arabia,How much does a Saudi visa cost?,eVisa: $144 USD (including insurance).
Saudi Arabia,Which nationalities can enter Saudi Arabia visa-free?,"Visa-free for GCC countries (UAE, Bahrain, Oman, Kuwait). Other travelers need an eVisa or Visa on Arrival."
Spain,Do I need a visa to visit Spain?,"Schengen Zone rules apply: US, UK, Canada, Australia, and many other nationals can visit visa-free for up to 90 days in a 180-day period."
Spain,Do I need a Schengen Visa for Spain?,"Non-exempt travelers (e.g., Indian, Chinese, Russian citizens) must apply for a Schengen Visa before traveling."
Spain,Do I need a visa to visit Spain?,"Schengen Visa rules apply. Visa-free for up to 90 days for US, UK, Canada, Australia, and most EU travelers. Others need a Schengen Visa."
Spain,Can I work on a tourist visa in Spain?,"No, working on a tourist visa is illegal. A separate work permit is required."
Spain,Do I need a return ticket to enter Spain?,"Yes, you may be asked for proof of onward travel and funds (around €100 per day)."
Spain,What is a Schengen visa?,A Schengen visa allows travel across 26 European countries for up to 90 days in a 180-day period.
Spain,How long does it take to process a visa?,Schengen visa applications take 15 days on average but can take up to 60 days during peak seasons.
Spain,Can I change my visa type while in Spain?,"No. If you need a work or residency visa, you must apply from your home country."
Spain,How do I apply for a Spanish visa?,"If required, apply for a Schengen Visa at a Spanish consulate or visa application center (VFS Global)."
Spain,How long does visa processing take?,"15-45 days, depending on the embassy workload."
Spain,How much does a Schengen visa cost?,$89 USD (€80 EUR).
Spain,Which nationalities can enter Spain visa-free?,"Visa-free for 90 days within 180 days: USA, UK, Canada, Australia, New Zealand, Japan, South Korea, Brazil, Argentina, Mexico, UAE, Turkey, Israel, Malaysia, Singapore."
Sudan,Do I need a visa for Sudan?,"Almost all travelers require a visa in advance, which must be obtained from a Sudanese embassy. Visa on arrival is rarely available."
Sudan,Can I visit Sudan with an Israeli passport stamp?,"No, Sudan does not allow entry for travelers with an Israeli passport stamp or visa."
Sudan,Do I need a visa for Sudan?,"Yes, almost all nationalities require a visa, which must be obtained in advance from an embassy."
Sudan,Can I enter Sudan if I have an Israeli stamp in my passport?,"No, Sudan refuses entry to anyone with Israeli stamps or visas."
Sudan,Are there any safety concerns?,"Due to ongoing conflicts, many governments advise against travel to certain areas in Sudan."
Sudan,Can I work on a tourist visa?,No. A separate work permit is required from the Sudanese Ministry of Labor.
Sudan,How long does it take to process a visa?,Tourist visas usually take 4-6 weeks due to security checks.
Sudan,Can I extend my visa in Sudan?,"Yes, but you must apply at the Aliens Registration Office in Khartoum before your visa expires."
Sudan,How do I apply for a Sudanese visa?,Apply at a Sudanese embassy/consulate before travel.
Sudan,What documents are required?,"A passport valid for 6 months, visa form, photos, invitation letter (if required), and yellow fever vaccination proof."
Sudan,How long does visa processing take?,"4-6 weeks, due to security clearances."
Sudan,How much does a Sudanese visa cost?,$150 USD for most travelers.
Sudan,Which nationalities can enter Sudan visa-free?,"Visa-free for 90 days: Egypt, Turkey, Syria, Yemen. Visa-free for 30 days: Malaysia."
Tunisia,Do I need a visa to visit Tunisia?,"Citizens of the US, Canada, the EU, and several other countries can enter visa-free for 90 days. Others need a visa from a Tunisian consulate."
Tunisia,Can I get a visa on arrival in Tunisia?,"No, Tunisia does not offer a visa-on-arrival. You must obtain one before traveling if required."
Tunisia,Do I need a visa to visit Tunisia?,"US, UK, Canada, EU, and some others can enter visa-free for 90 days. Many African and Asian travelers need to apply for a visa in advance."
Tunisia,Can I get a visa on arrival?,"No, Tunisia does not offer visa-on-arrival services. If you need a visa, you must obtain it before traveling."
Tunisia,Do I need travel insurance?,"While not officially required, it’s highly recommended to have travel insurance covering medical expenses."
Tunisia,How long does it take to process a visa?,Processing time varies but usually takes 15-20 business days.
Tunisia,Can I work on a tourist visa?,No. You must obtain a separate work permit from the Tunisian Ministry of Employment.
Tunisia,Can I extend my visa while in Tunisia?,"Yes, but it is complicated. You must apply for an extension at the Ministry of the Interior before your initial period expires."
Tunisia,How do I apply for a Tunisian visa?,Apply at a Tunisian embassy or consulate. Tunisia does not offer online or visa-on-arrival options for non-exempt travelers.
Tunisia,What documents are required?,"A completed visa application form, passport valid for at least 6 months, passport photos, proof of travel and accommodation, and financial proof."
Tunisia,How long does visa processing take?,15-20 business days.
Tunisia,What is the visa fee for Tunisia?,Visa fees vary by nationality but typically range from $50-$80 USD.
Tunisia,Which nationalities can enter Tunisia visa-free?,"Visa-free for 90 days: EU, USA, Canada, UK, UAE, Turkey, Malaysia, Japan, South Korea, Brazil, Argentina. Visa-free for 30 days: Hong Kong, China, India (if holding a valid Schengen/US visa)."
Turkey,Do I need a visa for Turkey?,"Many travelers, including those from the US, UK, and Canada, need an e-Visa, which can be obtained online before traveling. Some EU citizens can enter visa-free."
Turkey,How long is the Turkish e-Visa valid for?,"The e-Visa is valid for 180 days, but each visit is limited to 30 or 90 days, depending on nationality."
Turkey,Do I need a visa for Turkey?,"Many nationalities need an e-Visa (US, UK, Canada, Australia). Some EU citizens can enter visa-free."
Turkey,How long is the Turkish e-Visa valid?,"The e-Visa is valid for 180 days, but stays are limited to 30 or 90 days, depending on nationality."
Turkey,Can I extend my Turkish visa?,Tourist visas cannot be extended. You must leave and re-enter if you need more time.
Turkey,How early can I apply for an eVisa?,You can apply for a Turkish eVisa up to 3 months before travel.
Turkey,Can I extend my Turkish visa?,"No, you must leave Turkey and reapply for a new visa if you need to stay longer."
Turkey,How do I apply for a Turkish visa?,"Many travelers can apply for an eVisa online, while others need an embassy visa."
Turkey,How long does visa processing take?,"E-Visa: 24 hours, Embassy visa: 10-15 days."
Turkey,How much does a Turkish visa cost?,"E-Visa: $35-$60 USD, depending on nationality."
Turkey,Which nationalities can enter Turkey visa-free?,"Visa-free for 90 days: EU (except some countries like Cyprus), Argentina, Brazil, Japan, South Korea, Malaysia, Singapore. Visa-free for 30-60 days: Russia, Mexico, South Africa, Ukraine, Serbia, Qatar, UAE."
UAE,Can I extend my visa while I'm in the country?,"Yes, tourist visas can be extended twice, each time for 30 days, for a fee."
UAE,What medications are restricted in the UAE?,"Narcotic painkillers, antidepressants, and some over-the-counter drugs (like codeine) require approval. Check before travel."
UAE,How do I apply for a UAE visa?,"Most travelers receive a Visa on Arrival, while others apply for an eVisa through airlines, hotels, or embassies."
UAE,What documents are required?,"A valid passport (6 months validity), passport photos, hotel booking, and return flight ticket."
UAE,How long does visa processing take?,"Visa on Arrival: Immediate, E-Visa: 3-5 days, Embassy visa: 7-15 days."
UAE,How much does a UAE visa cost?,"30-day visa: $90 USD, Visa-free for eligible travelers."
UAE,Do I need a visa for the UAE?,"US, UK, EU, and many other travelers get a Visa on Arrival for 30 or 90 days. Others must apply for an e-Visa."
UAE,Can I extend my UAE visa?,"Yes, visitors can extend their tourist visa twice for an additional 30 days each time (fees apply)."
UAE,Are there any restrictions on medications?,"Yes, some prescription drugs (e.g., codeine, narcotics) are banned in the UAE. Always check before traveling."
UAE,Which nationalities can enter UAE visa-free?,"Visa-free for 90 days: EU (except UK & Ireland), Argentina, Brazil, Chile, Russia, South Korea. Visa-free for 30 days: UK, USA, Canada, Australia, New Zealand, Japan, Malaysia, Singapore. Visa-free for GCC nationals."
UAE,Do I need a visa to enter the UAE?,"Travelers from the US, UK, EU, Australia, and Canada get a Visa on Arrival for 30 or 90 days (depending on nationality). Others must apply for an e-Visa."
Yemen,Do I need a visa for Yemen?,"Yes, all travelers need a visa in advance, which must be obtained from a Yemeni embassy. The country has travel restrictions due to ongoing conflicts."
Yemen,Can I visit Yemen as a tourist?,Yemen is currently unsafe for tourists due to conflict. A visa is required but difficult to obtain.
Yemen,Are there any travel bans for Yemen?,"Many airlines do not operate flights to Yemen, and some countries ban their citizens from traveling there."
Yemen,What is a visa on arrival?,Yemen does NOT offer visas on arrival. You must apply at an embassy before travel.
Yemen,How do I apply for a Yemeni visa?,All travelers must apply at a Yemeni embassy before travel.
Yemen,How long does visa processing take?,"6+ weeks, due to security checks."
Yemen,How much does a Yemeni visa cost?,$50-$100 USD.
Yemen,Which nationalities can enter Yemen visa-free?,"Visa-free for 90 days: Egypt, Jordan, Syria, Malaysia, Sudan."
Oman,How long does it take to process a visa?,eVisa processing: 24-72 hours. Embassy visa: 7-10 days. Visa on Arrival (if eligible): Immediate at the airport.
Oman,Can I work on a tourist visa?,No. A separate work visa is required. Working illegally can lead to fines or deportation.
Oman,I have a valid visa; am I guaranteed entry?,No. Entry is at the discretion of immigration officers upon arrival.
Oman,How early can I apply for a visa?,Up to 3 months before travel.
Oman,What happens if my visa application is rejected?,You may reapply with additional documentation or appeal at the nearest Omani embassy.
Oman,Can I extend my visa while I'm in Oman?,"Yes, tourist visas can be extended once for an additional 30 days via the Royal Oman Police website."
Oman,What is a visa on arrival?,Oman offers Visa on Arrival for select nationalities but prefers travelers to apply online for an eVisa.
Oman,What is an eVisa?,"An electronic visa (eVisa) is available online for many nationalities, allowing stays of 10 or 30 days."
Oman,Do children need visas?,"Yes, children require a visa unless part of a visa-exempt nationality."
Oman,My passport is expiring soon. Can I still get a visa?,No. Your passport must be valid for at least 6 months from your arrival date.
Oman,What is a multiple-entry visa?,"Oman offers multi-entry tourist visas, valid for one year, allowing multiple stays of 30 days each."
Oman,What is a letter of invitation for a visa application?,Sometimes required for business visas but not for tourist visas.
Montenegro,How long does it take to process a visa?,Embassy visa: 10-15 business days.
Montenegro,Can I work on a tourist visa?,No. A work visa is required for employment.
Montenegro,I have a valid visa; am I guaranteed entry?,No. Immigration officers have the final decision at the border.
Montenegro,How early can I apply for a visa?,3 months before travel.
Montenegro,What happens if my visa application is rejected?,You may appeal the decision or reapply with additional supporting documents.
Montenegro,Can I extend my visa while I'm in Montenegro?,"Yes, visa extensions are possible for up to 90 days by applying at the Ministry of Interior."
Montenegro,What is a visa on arrival?,Montenegro does not offer visas on arrival. Eligible travelers must obtain a visa beforehand.
Montenegro,What is an eVisa?,Montenegro does not have an eVisa system; all visas must be obtained via embassies.
Montenegro,Do children need visas?,"Yes, unless from a visa-exempt country."
Montenegro,My passport is expiring soon. Can I still get a visa?,Your passport must be valid for at least 3 months beyond your stay.
Montenegro,What is a multiple-entry visa?,"Montenegro offers multi-entry visas, typically for business travelers."
Montenegro,What is a letter of invitation for a visa application?,"Required for business, study, or private visit visas, not for tourism."
Malta,How long does it take to process a visa?,Schengen Visa processing: 15-45 days.
Malta,Can I work on a tourist visa?,No. Work visas must be obtained separately.
Malta,I have a valid visa; am I guaranteed entry?,No. Border control officers make the final decision.
Malta,How early can I apply for a visa?,6 months before travel (Schengen rule).
Malta,What happens if my visa application is rejected?,You can appeal the decision through the Maltese embassy or visa application center.
Malta,Can I extend my visa while I'm in Malta?,Rarely. Extensions are only granted in exceptional cases.
Malta,What is a Schengen visa?,A visa allowing travel across 26 Schengen countries for 90 days in a 180-day period.
Malta,What is an eVisa?,Malta does not offer an eVisa; Schengen visas must be applied for through embassies.
Malta,Do children need visas?,"Yes, unless from a visa-exempt country."
Malta,My passport is expiring soon. Can I still get a visa?,Your passport must be valid for at least 3 months beyond your stay.
Malta,What is a multiple-entry visa?,A Schengen multiple-entry visa allows travel across Schengen countries multiple times within visa validity.
Malta,What is a letter of invitation for a visa application?,Required for business or family visit visas.
Cyprus,How long does it take to process a visa?,Short-stay visas: 10-15 days.
Cyprus,Can I work on a tourist visa?,No. A work permit is required.
Cyprus,I have a valid visa; am I guaranteed entry?,No. Entry depends on the immigration officer’s decision.
Cyprus,How early can I apply for a visa?,3 months before travel.
Cyprus,What happens if my visa application is rejected?,You can appeal or reapply.
Cyprus,Can I extend my visa while I'm in Cyprus?,"Yes, but only under exceptional circumstances."
Cyprus,What is an eVisa?,Cyprus does not offer an eVisa; visas must be obtained from embassies.
Cyprus,Do children need visas?,"Yes, unless from a visa-exempt country."
Cyprus,My passport is expiring soon. Can I still get a visa?,Your passport must be valid for at least 3 months beyond departure.
Cyprus,What is a multiple-entry visa?,A multiple-entry visa allows stays up to 90 days per visit within a 180-day period.
Cyprus,What is a letter of invitation for a visa application?,"Required for business, student, or private visit visas."
Croatia,How long does it take to process a visa?,Schengen Visa processing: 15-45 days.
Croatia,Can I work on a tourist visa?,No. You must apply for a work visa separately.
Croatia,I have a valid visa; am I guaranteed entry?,No. Border control officers make the final decision.
Croatia,How early can I apply for a visa?,6 months before travel (Schengen rule).
Croatia,What happens if my visa application is rejected?,You can appeal through the Croatian consulate.
Croatia,Can I extend my visa while I'm in Croatia?,Rarely. Extensions are only granted in emergency situations.
Croatia,What is a Schengen visa?,"Croatia is part of Schengen, meaning you can travel to other Schengen countries with the same visa."
Croatia,What is an eVisa?,Croatia does not offer an eVisa.
Croatia,Do children need visas?,"Yes, unless from a visa-exempt country."
Croatia,My passport is expiring soon. Can I still get a visa?,Your passport must be valid for at least 3 months beyond your stay.
Croatia,What is a multiple-entry visa?,A Schengen multiple-entry visa allows multiple stays in Croatia and the Schengen Area.
Croatia,What is a letter of invitation for a visa application?,Required for business or private visit visas.
Oman,How long does it take to process a visa?,eVisa: 24-72 hours. Embassy visa: 7-10 business days. Visa on Arrival: Immediate (if eligible).
Oman,How much does an Omani visa cost?,10-day eVisa: $13 USD. 30-day eVisa: $52 USD. Multiple-entry visa: $130 USD.
Oman,Which nationalities can enter Oman visa-free?,"Visa-free for 14 days: EU, UK, USA, Canada, Japan, South Korea, Australia, New Zealand, GCC countries (UAE, Saudi Arabia, Qatar, Bahrain, Kuwait)."
Montenegro,How long does it take to process a visa?,Embassy visa: 10-15 business days.
Montenegro,How much does a Montenegrin visa cost?,"Short-stay visa: €35-€60 EUR ($38-$65 USD), depending on nationality."
Montenegro,Which nationalities can enter Montenegro visa-free?,"Visa-free for 90 days: USA, UK, Canada, EU, Australia, New Zealand, Japan, UAE, Turkey, South Korea, Brazil, Argentina, Russia. Visa-free for 30 days: India (if holding a valid US/Schengen visa)."
Malta,How long does it take to process a visa?,Schengen Visa: 15-45 days.
Malta,How much does a Maltese visa cost?,Schengen Visa: €80 EUR ($89 USD). Children 6-12: €40 EUR ($44 USD).
Malta,Which nationalities can enter Malta visa-free?,"Visa-free for 90 days within 180 days: USA, UK, Canada, Australia, New Zealand, Japan, South Korea, Brazil, UAE, Israel, Singapore."
Cyprus,How long does it take to process a visa?,Short-stay visa: 10-15 days.
Cyprus,How much does a Cypriot visa cost?,"Short-stay visa: €20-€80 EUR ($22-$89 USD), depending on nationality and entry type."
Cyprus,Which nationalities can enter Cyprus visa-free?,"Visa-free for 90 days: EU, UK, USA, Canada, Australia, New Zealand, Japan, South Korea, UAE, Brazil, Israel, Mexico, Argentina, Singapore."
Croatia,How long does it take to process a visa?,Schengen Visa: 15-45 days.
Croatia,How much does a Croatian visa cost?,Schengen Visa: €80 EUR ($89 USD).
Croatia,Which nationalities can enter Croatia visa-free?,"Visa-free for 90 days within 180 days: USA, UK, Canada, Australia, New Zealand, Japan, South Korea, Brazil, UAE, Israel, Singapore."